链接,标题,发布时间,点赞,评论数,收藏
https://www.douyin.com/video/7125309671698599205,"复仇战神阿泽一拳送走老东家AG,梦泪看了光速下播#kpl #阿泽 #梦泪 #英凯 #老阳 #王者荣耀#ag超玩会#KSG  ",2022-07-28 14:40,559,118,30
https://www.douyin.com/video/7125309553993846047,富婆创建的战队战队里都是富婆和贵族十，可开麦，进战队包cp战队赛/人美声甜   要求：历史万战 ##王者 #v10战队招募 #王者战队收人 #王者荣耀陪玩  ,2022-07-28 14:40,18,13,1
https://www.douyin.com/video/7125309500893957387,放下也是一种天意#王者荣耀  ,2022-07-28 14:40,3,0,0
https://www.douyin.com/video/7125309473865878784,#王者荣耀 #游戏精彩时刻 #又菜又爱玩系列 头一次晋级赛这么顺利😂😂 ,2022-07-28 14:39,6,2,0
https://www.douyin.com/video/7125309476076375310,#王者荣耀 #后羿出装铭文 #后羿最强出装 #后羿96吸血出装  ,2022-07-28 14:39,1,0,1
https://www.douyin.com/video/7125309435882294535,李白击杀#王者荣耀  ,2022-07-28 14:39,0,0,0
https://www.douyin.com/video/7125309428034751758,,,,,
https://www.douyin.com/video/7125309427430722857,,,,,
https://www.douyin.com/video/7125309369977179392,可你终究还是我的傀儡#元歌 #峡谷艺术 #王者荣耀  ,2022-07-28 14:39,15,3,1
https://www.douyin.com/video/7125309342655515904,,,,,
https://www.douyin.com/video/7125309321856011555,求一个大佬帮我剪辑#王者荣耀 #游戏日常  ,2022-07-28 14:39,2,0,0
https://www.douyin.com/video/7125309330559077672,这输出这走位你们爱了吗？？？#王者荣耀 #五杀时刻 #这波我天秀 #日常排位 #一起打游戏  ,2022-07-28 14:39,4,1,0
https://www.douyin.com/video/7125309308056767782,许多人曾倒在我的面前 你..也不会是例外#快捷指令 #王者荣耀 #澜 ,2022-07-28 14:39,11,1,5
https://www.douyin.com/video/7125309307872120095,#王者荣耀 一直吃打的还菜 ,2022-07-28 14:39,2,0,0
https://www.douyin.com/video/7125309297218637091,#王者荣耀 #对抗路  #emo#鞠婧祎#别人 ,2022-07-28 14:39,25,3,0
https://www.douyin.com/video/7125309281678806306,伽罗，我让你走了么#王者荣耀 #毫无技术含量的操作 ,2022-07-28 14:39,4,0,0
https://www.douyin.com/video/7125309295020789031,不开心我就去打排位，你们也别想开心😏#王者荣耀 #女生打游戏 #游戏日常 #一起打游戏  ,2022-07-28 14:39,8,16,0
https://www.douyin.com/video/7125309253690068264,#王者荣耀 我讨厌她 ,2022-07-28 14:39,10,9,0
https://www.douyin.com/video/7125309193988394240,白晶晶#快捷指令 #王者荣耀  ,2022-07-28 14:38,18,0,2
https://www.douyin.com/video/7125309189412359458,我很客观 只用数据说话#王者荣耀  ,2022-07-28 14:38,23,3,0
https://www.douyin.com/video/7125309150313205027,,,,,
https://www.douyin.com/video/7125309148975172903,#小趴菜申请出战 #怨种队友 #王者荣耀 #又菜又爱玩系列  ,2022-07-28 14:38,5,2,0
https://www.douyin.com/video/7125309120852397312,#王者荣耀 #又菜又爱玩系列  ,2022-07-28 14:38,21,0,1
https://www.douyin.com/video/7125309135972732191,#王者荣耀 ,2022-07-28 14:38,5,0,0
https://www.douyin.com/video/7125309114548243750,你干嘛～哎哟#王者荣耀 #游戏日常  ,2022-07-28 14:38,5,4,0
https://www.douyin.com/video/7125309125675715854,你的良心告诉我，你最爱的不是我。#王者荣耀 #快捷指令 #白晶晶芈月 ,2022-07-28 14:38,67,0,0
https://www.douyin.com/video/7125309084298956036,#lol手游 #王者荣耀 #网瘾少女 我也不想打游戏啊 可是英雄联盟哎 ,2022-07-28 14:38,3,0,0
https://www.douyin.com/video/7125309050157337891,虽然玩的是澜，但是精髓不能变#王者荣耀 #搞笑 #澜 ,2022-07-28 14:38,130,22,3
https://www.douyin.com/video/7125309047577775364,一定要爱吗 一个人不能活吗#王者荣耀 #游戏日常 ,2022-07-28 14:38,3,1,1
https://www.douyin.com/video/7125309018138053895,[],2022-07-28 14:38,4,5,0
https://www.douyin.com/video/7125309019945733413,#王者荣耀 #游戏日常  ,2022-07-28 14:38,10,0,0
https://www.douyin.com/video/7125308982477983008,#啥子时候火起来 #王者荣耀 #我来秀战绩的  ,2022-07-28 14:38,3,3,1
https://www.douyin.com/video/7125308954653035780,一杯奶茶就能拥有无敌野王#王者荣耀陪玩#野王#陪玩  ,2022-07-28 14:37,5,2,0
https://www.douyin.com/video/7125308933480123688,萍水相逢，有缘无分，再见啦，过路人#王者荣耀 #快捷指令 #西施 #东方曜 ,2022-07-28 14:37,7,6,0
https://www.douyin.com/video/7125308928828640516,#王者荣耀  ,2022-07-28 14:37,0,0,0
https://www.douyin.com/video/7125308921350327582,#王者荣耀 #又菜又爱玩系列  ,2022-07-28 14:37,1,0,0
https://www.douyin.com/video/7125308923006946594,#白晶晶 #王者荣耀 我是在一个风很安静的夜晚离开的，你的良心告诉我，你最爱的不是我#桌面小组件#抖音夏日歌会 ,2022-07-28 14:37,9,0,0
https://www.douyin.com/video/7125308914010180901,,,,,
https://www.douyin.com/video/7125308900550757632,“我们彼此错过，因为渴望重逢”#刘备时之羁绊 #孙尚香时之恋人 #洛潇渊 #霍辰渊 #王者荣耀 ,2022-07-28 14:37,41,4,1
https://www.douyin.com/video/7125308905189657870,和 @王者荣耀 一起 #合拍  ,2022-07-28 14:37,0,0,0
https://www.douyin.com/video/7125308895890902308,你们天天在喝酒，那我就天天连胜😂😂喜提巅峰12连胜😂#王者 #王者荣耀cp  ,2022-07-28 14:37,0,0,0
https://www.douyin.com/video/7125308835081882883,#王者荣耀 #游戏精彩时刻 #王者农药 #单排上分 三十岁十天打到王者。话说，谁抢了我的五kill？ ,2022-07-28 14:37,0,0,0
https://www.douyin.com/video/7125308840446315791,#王者荣耀 #是时候展现真正的技术了 #峡谷饭局等你开局 ,2022-07-28 14:37,6,0,0
https://www.douyin.com/video/7125308789175110953,讨厌曜 讨厌归虚梦演 讨厌云鹰飞将 讨厌李逍遥 讨厌星辰之子,2022-07-28 14:37,1,0,0
https://www.douyin.com/video/7125308768430116128,#王者匹配机制 #我自闭了 #战绩 王者荣耀真好玩，王者荣耀真好玩，都给我上号去玩王者荣耀dT,2022-07-28 14:37,7,5,0
