,论坛链接,点赞数量,评论数量
0,https://www.reddit.com/r/thedivision/comments/vswz27/the_division_resurgence_announced/if94wg2/,89,0
1,https://www.reddit.com/r/thedivision/comments/vswz27/the_division_resurgence_announced/if943y4/,90,0
2,https://www.reddit.com/r/thedivision/comments/vstm5y/the_division_resurgence_official_reveal_trailer/ifa4nuv/,170,0
3,https://www.reddit.com/r/thedivision/comments/vswz27/the_division_resurgence_announced/if9fbh2/,90,0
4,https://www.reddit.com/r/thedivision/comments/vswz27/the_division_resurgence_announced/if926dy/,90,0
5,https://www.reddit.com/r/thedivision/comments/vstm5y/the_division_resurgence_official_reveal_trailer/ifa8yj0/,166,0
6,https://www.reddit.com/r/thedivision/comments/vswz27/the_division_resurgence_announced/if9fi3m/,87,0
7,https://www.reddit.com/r/thedivision/comments/vswz27/the_division_resurgence_announced/if95hvy/,86,0
8,https://www.reddit.com/r/thedivision/comments/vswz27/the_division_resurgence_announced/if95exv/,88,0
9,https://www.reddit.com/r/thedivision/comments/vswz27/the_division_resurgence_announced/if9ph2z/,87,0
10,https://www.reddit.com/r/Division2/comments/vth3sy/ubisoft_announces_tom_clancys_the_division/if8kgbk/,1,0
11,https://www.reddit.com/r/thedivision/comments/vswz27/the_division_resurgence_announced/if91957/,89,0
12,https://www.reddit.com/r/thedivision/comments/vswz27/the_division_resurgence_announced/if8ribf/,88,0
13,https://www.reddit.com/r/thedivision/comments/vswz27/the_division_resurgence_announced/if91tsi/,88,0
14,https://www.reddit.com/r/thedivision/comments/vswz27/the_division_resurgence_announced/if91k0h/,91,0
15,https://www.reddit.com/r/thedivision/comments/vswz27/the_division_resurgence_announced/if8wy0p/,88,0
16,https://www.reddit.com/r/GamingLeaksAndRumours/comments/vsol7z/tom_clancys_the_division_mobile_will_be_shown/if8tnsn/,167,0
17,https://www.reddit.com/r/thedivision/comments/vswz27/the_division_resurgence_announced/if91z8d/,88,0
18,https://www.reddit.com/r/thedivision/comments/vstm5y/the_division_resurgence_official_reveal_trailer/if8k48d/,172,0
19,https://www.reddit.com/r/thedivision/comments/vstm5y/the_division_resurgence_official_reveal_trailer/if8etgi/,166,0
20,https://www.reddit.com/r/thedivision/comments/vstm5y/the_division_resurgence_official_reveal_trailer/if8df5m/,167,0
21,https://www.reddit.com/r/thedivision/comments/vswz27/the_division_resurgence_announced/if8ds4h/,87,0
22,https://www.reddit.com/r/Division2/comments/vth3sy/ubisoft_announces_tom_clancys_the_division/if8gtkh/,0,0
23,https://www.reddit.com/r/GamingLeaksAndRumours/comments/vsol7z/tom_clancys_the_division_mobile_will_be_shown/if89xmv/,162,0
24,https://www.reddit.com/r/thedivision/comments/vswz27/the_division_resurgence_announced/if7ym8a/,88,0
25,https://www.reddit.com/r/thedivision/comments/vstm5y/the_division_resurgence_official_reveal_trailer/if7oevg/,170,0
26,https://www.reddit.com/r/thedivision/comments/vstm5y/the_division_resurgence_official_reveal_trailer/if7jqff/,166,0
27,https://www.reddit.com/r/thedivision/comments/vstm5y/the_division_resurgence_official_reveal_trailer/if7pvlr/,167,0
28,https://www.reddit.com/r/thedivision/comments/vswz27/the_division_resurgence_announced/if7yfq3/,88,0
29,https://www.reddit.com/r/GhostRecon/comments/vtj7or/ubisoft_investor_call/,6,10
30,https://www.reddit.com/r/thedivision/comments/vstm5y/the_division_resurgence_official_reveal_trailer/if7j36q/,165,0
31,https://www.reddit.com/r/Games/comments/vster1/the_division_resurgence_official_reveal_trailer/if7ij50/,0,0
32,https://www.reddit.com/r/thedivision/comments/vswz27/the_division_resurgence_announced/if7fpg5/,86,0
33,https://www.reddit.com/r/CharlieINTEL/comments/vtj5ue/the_division_resurgence_alpha_signup_gameplay/,1,0
34,https://www.reddit.com/r/thedivision/comments/vstm5y/the_division_resurgence_official_reveal_trailer/if7h46w/,167,0
35,https://www.reddit.com/r/thedivision/comments/vswz27/the_division_resurgence_announced/if7fcnx/,85,0
36,https://www.reddit.com/r/thedivision/comments/vstm5y/the_division_resurgence_official_reveal_trailer/if7bpkr/,171,0
37,https://www.reddit.com/r/thedivision/comments/vswz27/the_division_resurgence_announced/if7eqjd/,87,0
38,https://www.reddit.com/r/thedivision/comments/vthar8/ubisoft_announces_tom_clancys_the_division/if78zgi/,0,0
39,https://www.reddit.com/r/u_UnicornioHater/comments/vti82h/the_division_resurgence_jogo_mobile_da_franquia_é/,1,0
40,https://www.reddit.com/r/iosgaming/comments/vtiaiq/ubisoft_is_bringing_the_division_to_android_and/,1,0
41,https://www.reddit.com/r/thedivision/comments/vthar8/ubisoft_announces_tom_clancys_the_division/if78zfn/,0,0
42,https://www.reddit.com/r/thedivision/comments/vthar8/ubisoft_announces_tom_clancys_the_division/if77hnd/,0,0
43,https://www.reddit.com/r/ubisoft/comments/vtibm1/ubisoft_is_bringing_the_division_to_android_and/,4,2
44,https://www.reddit.com/r/u_acemioyuncucom/comments/vtisbe/ubisoft_mobil_oyunu_the_division_resurgence/,1,0
45,https://www.reddit.com/r/thedivision/comments/vswz27/the_division_resurgence_announced/if78wn3/,87,0
46,https://www.reddit.com/r/thedivision/comments/vthar8/ubisoft_announces_tom_clancys_the_division/if76xyo/,0,0
47,https://www.reddit.com/r/thedivision/comments/vthar8/ubisoft_announces_tom_clancys_the_division/if78juu/,0,0
48,https://www.reddit.com/r/thedivision/comments/vthar8/ubisoft_announces_tom_clancys_the_division/if769ie/,0,0
49,https://www.reddit.com/r/thedivision/comments/vstm5y/the_division_resurgence_official_reveal_trailer/if76gxl/,169,0
50,https://www.reddit.com/r/thedivision/comments/vthar8/ubisoft_announces_tom_clancys_the_division/if764k6/,0,0
51,https://www.reddit.com/r/thedivision/comments/vswz27/the_division_resurgence_announced/if7572j/,87,0
52,https://www.reddit.com/r/thedivision/comments/vthar8/ubisoft_announces_tom_clancys_the_division/if76k6b/,0,0
53,https://www.reddit.com/r/thedivision/comments/vthar8/ubisoft_announces_tom_clancys_the_division/if76qnq/,0,0
54,https://www.reddit.com/r/thedivision/comments/vthar8/ubisoft_announces_tom_clancys_the_division/,0,9
55,https://www.reddit.com/r/thedivision/comments/vth3kf/ubisoft_announces_tom_clancys_the_division/if73vbt/,1,0
56,https://www.reddit.com/r/Division2/comments/vth3sy/ubisoft_announces_tom_clancys_the_division/,0,2
57,https://www.reddit.com/r/thedivision/comments/vstm5y/the_division_resurgence_official_reveal_trailer/if6zu2g/,172,0
58,https://www.reddit.com/r/thedivision/comments/vth3kf/ubisoft_announces_tom_clancys_the_division/,1,1
59,https://www.reddit.com/r/GamingLeaksAndRumours/comments/vsol7z/tom_clancys_the_division_mobile_will_be_shown/if72dqf/,165,0
60,https://www.reddit.com/r/thedivision/comments/vswz27/the_division_resurgence_announced/if71w07/,88,0
61,https://www.reddit.com/r/thedivision/comments/vswz27/the_division_resurgence_announced/if729us/,87,0
62,https://www.reddit.com/r/thedivision/comments/vstm5y/the_division_resurgence_official_reveal_trailer/if6z5d4/,164,0
63,https://www.reddit.com/r/thedivision/comments/vstm5y/the_division_resurgence_official_reveal_trailer/if6y5bg/,170,0
64,https://www.reddit.com/r/thedivision/comments/vstm5y/the_division_resurgence_official_reveal_trailer/if6yzvm/,169,0
65,https://www.reddit.com/r/thedivision/comments/vstm5y/the_division_resurgence_official_reveal_trailer/if6y57y/,167,0
66,https://www.reddit.com/r/thedivision/comments/vswz27/the_division_resurgence_announced/if6vsqb/,89,0
67,https://www.reddit.com/r/thedivision/comments/vswz27/the_division_resurgence_announced/if6wx94/,90,0
68,https://www.reddit.com/r/thedivision/comments/vstm5y/the_division_resurgence_official_reveal_trailer/if6vn8a/,170,0
69,https://www.reddit.com/r/thedivision/comments/vswz27/the_division_resurgence_announced/if6xlso/,89,0
70,https://www.reddit.com/r/thedivision/comments/vswz27/the_division_resurgence_announced/if6v94i/,90,0
71,https://www.reddit.com/r/thedivision/comments/vswz27/the_division_resurgence_announced/if6w0xa/,91,0
72,https://www.reddit.com/r/thedivision/comments/vstm5y/the_division_resurgence_official_reveal_trailer/if6veig/,170,0
73,https://www.reddit.com/r/thedivision/comments/vswz27/the_division_resurgence_announced/if6wufo/,88,0
74,https://www.reddit.com/r/thedivision/comments/vstm5y/the_division_resurgence_official_reveal_trailer/if6vc3v/,169,0
75,https://www.reddit.com/r/thedivision/comments/vswz27/the_division_resurgence_announced/if6sbr3/,88,0
76,https://www.reddit.com/r/thedivision/comments/vstm5y/the_division_resurgence_official_reveal_trailer/if6ugmu/,172,0
77,https://www.reddit.com/r/thedivision/comments/vswz27/the_division_resurgence_announced/if6sacx/,89,0
78,https://www.reddit.com/r/thedivision/comments/vstm5y/the_division_resurgence_official_reveal_trailer/if6ttnl/,167,0
79,https://www.reddit.com/r/thedivision/comments/vstm5y/the_division_resurgence_official_reveal_trailer/if6rjdg/,168,0
80,https://www.reddit.com/r/thedivision/comments/vswz27/the_division_resurgence_announced/if6rps3/,89,0
81,https://www.reddit.com/r/thedivision/comments/vstm5y/the_division_resurgence_official_reveal_trailer/if6r88u/,168,0
82,https://www.reddit.com/r/thedivision/comments/vstm5y/the_division_resurgence_official_reveal_trailer/if6ucen/,171,0
83,https://www.reddit.com/r/thedivision/comments/vstm5y/the_division_resurgence_official_reveal_trailer/if6rlmh/,167,0
84,https://www.reddit.com/r/thedivision/comments/vstm5y/the_division_resurgence_official_reveal_trailer/if6rem7/,165,0
85,https://www.reddit.com/r/thedivision/comments/vstm5y/the_division_resurgence_official_reveal_trailer/if6qy7c/,169,0
86,https://www.reddit.com/r/thedivision/comments/vswz27/the_division_resurgence_announced/if6r5ek/,90,0
87,https://www.reddit.com/r/thedivision/comments/vstm5y/the_division_resurgence_official_reveal_trailer/if6qpob/,169,0
88,https://www.reddit.com/r/thedivision/comments/vswz27/the_division_resurgence_announced/if6qii1/,89,0
89,https://www.reddit.com/r/thedivision/comments/vstm5y/the_division_resurgence_official_reveal_trailer/if6ou8i/,166,0
90,https://www.reddit.com/r/thedivision/comments/vstm5y/the_division_resurgence_official_reveal_trailer/if6p9xc/,168,0
91,https://www.reddit.com/r/thedivision/comments/vswz27/the_division_resurgence_announced/if6psxn/,88,0
92,https://www.reddit.com/r/thedivision/comments/vswz27/the_division_resurgence_announced/if6pqhm/,87,0
93,https://www.reddit.com/r/thedivision/comments/vswz27/the_division_resurgence_announced/if6pjnp/,88,0
94,https://www.reddit.com/r/thedivision/comments/vstm5y/the_division_resurgence_official_reveal_trailer/if6pxno/,168,0
95,https://www.reddit.com/r/thedivision/comments/vswz27/the_division_resurgence_announced/if6qfv9/,88,0
